{
  "generated_at": "2026-02-11T06:41:30.723589+00:00",
  "in_progress": false,
  "suits": 2,
  "search": {
    "max_seconds": 10.0,
    "max_nodes": 2000000,
    "max_frontier": 1000000,
    "single_stage": false,
    "workers": 8
  },
  "source": {
    "start_seed": 388159687,
    "count": 10,
    "merge_mode": "merge",
    "existing_rows_loaded": 0,
    "incoming_rows": 10
  },
  "stats": {
    "scanned": 10,
    "solved": 8,
    "unknown": 2,
    "proven_unsolvable": 0
  },
  "quantiles": {
    "q33": 86916.684667,
    "q66": 91834.343667
  },
  "buckets": {
    "Easy": [
      388159694,
      388159690,
      388159688
    ],
    "Medium": [
      388159693,
      388159692
    ],
    "Hard": [
      388159695,
      388159691,
      388159696
    ],
    "unknown": [
      388159687,
      388159689
    ]
  },
  "build_elapsed_ms": 10147.012,
  "files": {
    "rows_csv": "/Users/lyc/PycharmProjects/SpiderCardGame/data/seed_pool_2s_rows.csv"
  }
}